time,latitude,longitude,depth,mag,magType,nst,gap,dmin,rms,net,id,updated,place,type,horizontalError,depthError,magError,magNst,status,locationSource,magSource
2020-12-16T00:51:44.680Z,38.1603,-118.0677,12.9,2.5,ml,28,120.58,0.079,0.12,nn,nn00792777,2020-12-16T01:06:46.832Z,"25 km S of Mina, Nevada",earthquake,,0.7,,,automatic,nn,nn
2020-12-16T00:42:52.299Z,19.1885,-67.7009,35,3.6,ml,,109,0.929,0.41,us,us7000crep,2020-12-16T00:54:26.040Z,"99 km NW of San Antonio, Puerto Rico",earthquake,3,2,0.06,37,reviewed,us,us
2020-12-16T00:24:08.680Z,17.9096,-66.9945,13,2.62,md,11,242,0.0778,0.1,pr,pr2020351001,2020-12-16T00:59:36.613Z,"9 km SE of La Parguera, Puerto Rico",earthquake,0.59,0.41,0.21,7,reviewed,pr,pr
2020-12-16T00:13:29.910Z,17.9393,-66.9046,12,3.27,md,20,203,0.1428,0.13,pr,pr2020351000,2020-12-16T00:32:17.727Z,"3 km S of Guánica, Puerto Rico",earthquake,0.6,0.43,0.11,17,reviewed,pr,pr
2020-12-15T23:21:59.435Z,5.2071,125.4393,26.87,6.1,mww,,32,1.855,1.31,us,us7000crdx,2020-12-16T01:05:11.174Z,"Mindanao, Philippines",earthquake,6.8,4.2,0.054,33,reviewed,us,us
2020-12-15T22:43:05.860Z,-15.6458,167.7836,124.57,5,mb,,104,0.593,1.17,us,us7000crdn,2020-12-16T00:14:41.856Z,"62 km NE of Norsup, Vanuatu",earthquake,7.9,5.7,0.068,70,reviewed,us,us
2020-12-15T20:28:40.139Z,44.5588,-115.2048,14.71,2.7,ml,,56,0.388,0.58,us,us7000crbx,2020-12-15T23:01:50.814Z,"43 km NNW of Stanley, Idaho",earthquake,3.1,9.5,0.045,66,reviewed,us,us
2020-12-15T20:11:19.344Z,15.2141,-84.3349,16.93,4.2,mb,,25,1.485,0.99,us,us7000crbr,2020-12-15T22:44:06.040Z,"Honduras",earthquake,3.9,2.2,0.141,15,reviewed,us,us
2020-12-15T20:11:17.730Z,18.5221,-68.7996,111,3.72,md,10,159,0.4183,0.19,pr,pr2020350024,2020-12-15T22:30:17.040Z,"14 km SW of Salvaleón de Higüey, Dominican Republic",earthquake,0.66,0.78,0.17,7,reviewed,pr,pr
2020-12-15T19:31:16.330Z,17.9673,-66.9936,13,3.1,md,18,186,0.0507,0.12,pr,pr2020350020,2020-12-15T21:44:21.040Z,"Puerto Rico region",earthquake,0.6,0.25,0.14,14,reviewed,pr,pr
2020-12-15T16:27:13.410Z,47.5928333333333,-122.593333333333,25.85,3.2,ml,93,21,0.08602,0.37,uw,uw61705566,2020-12-16T01:01:29.589Z,"0 km NNE of Enetai, Washington",earthquake,0.3,0.57,0.188033087076003,50,reviewed,uw,uw
2020-12-15T15:42:10.630Z,18.0075,-66.8453,12,2.76,md,9,174,0.2025,0.15,pr,pr2020350019,2020-12-15T15:58:22.716Z,"3 km ESE of Palomas, Puerto Rico",earthquake,0.74,0.52,0.06,4,reviewed,pr,pr
2020-12-15T15:35:15.860Z,39.1987,143.9729,10,4.9,mb,,102,2.741,0.52,us,us7000cr9c,2020-12-15T16:35:39.040Z,"off the east coast of Honshu, Japan",earthquake,8,1.9,0.063,80,reviewed,us,us
2020-12-15T14:59:41.220Z,37.1608333,-121.5483333,3.85,3.54,mw,148,37,0.05953,0.12,nc,nc73498140,2020-12-16T01:04:53.697Z,"10km ENE of Morgan Hill, CA",earthquake,0.1,0.31,,3,reviewed,nc,nc
2020-12-15T14:59:07.850Z,19.2068,-67.2623,25,3.43,md,11,294,0.7546,0.42,pr,pr2020350017,2020-12-15T15:54:52.753Z,"80 km NNW of San Antonio, Puerto Rico",earthquake,1.96,26.71,0.1,7,reviewed,pr,pr
2020-12-15T14:58:40.020Z,37.1605,-121.5493333,4.34,3.68,mw,163,31,0.0602,0.16,nc,nc73498145,2020-12-16T01:02:10.047Z,"10km ENE of Morgan Hill, CA",earthquake,0.11,0.38,,3,reviewed,nc,nc
2020-12-15T14:39:56.160Z,60.5026,-151.9571,86.5,2.6,ml,,,,0.56,ak,ak020g32o0ki,2020-12-15T15:39:39.040Z,"37 km WSW of Salamatof, Alaska",earthquake,,0.4,,,automatic,ak,ak
2020-12-15T13:43:45.059Z,38.1449,-118.0767,5,2.5,ml,29,43.18,0.025,0.1609,nn,nn00792602,2020-12-15T17:15:37.040Z,"27 km S of Mina, Nevada",earthquake,,1,0.22,13,reviewed,nn,nn
2020-12-15T13:23:29.750Z,18.0083,-66.788,17,2.58,md,15,158,0.185,0.18,pr,pr2020350015,2020-12-15T13:40:38.132Z,"1 km SSE of Guayanilla, Puerto Rico",earthquake,0.66,0.41,0.18,6,reviewed,pr,pr
2020-12-15T11:55:35.606Z,38.1744,-118.0534,4.9,2.6,ml,28,52.68,0.015,0.1321,nn,nn00792567,2020-12-15T16:51:24.328Z,"24 km SSE of Mina, Nevada",earthquake,,0.8,0.2,13,reviewed,nn,nn
2020-12-15T11:36:39.304Z,62.8413,-150.5035,94.4,3.7,ml,,,,0.69,ak,ak020g30v19z,2020-12-15T20:50:21.377Z,"40 km NNE of Petersville, Alaska",earthquake,,0.3,,,reviewed,ak,ak
2020-12-15T11:34:09.970Z,18.0033,-66.7361,14,2.57,md,8,192,0.1357,0.12,pr,pr2020350014,2020-12-15T11:48:26.885Z,"2 km WNW of Tallaboa, Puerto Rico",earthquake,0.63,0.62,0.18,3,reviewed,pr,pr
2020-12-15T10:49:25.261Z,-6.9755,129.2568,159.08,4.3,mb,,81,2.258,1.13,us,us7000cr85,2020-12-15T11:41:17.040Z,"Banda Sea",earthquake,8.9,10,0.161,11,reviewed,us,us
2020-12-15T10:13:57.670Z,17.9155,-66.9568,12,2.64,md,7,248,0.1027,0.08,pr,pr2020350013,2020-12-15T10:55:19.122Z,"8 km SW of Guánica, Puerto Rico",earthquake,0.74,0.43,0.14,3,reviewed,pr,pr
2020-12-15T09:55:46.826Z,-6.4989,102.3895,33.14,4.7,mb,,77,2.197,0.65,us,us7000cr80,2020-12-15T10:22:36.040Z,"289 km SSW of Pagar Alam, Indonesia",earthquake,8.1,5.8,0.13,21,reviewed,us,us
2020-12-15T09:28:18.070Z,17.9581,-66.7528,18,2.89,md,13,184,0.1693,0.22,pr,pr2020350012,2020-12-15T10:11:44.130Z,"5 km SW of Tallaboa, Puerto Rico",earthquake,1.03,0.63,0.24,6,reviewed,pr,pr
2020-12-15T08:33:04.030Z,17.9736,-66.9453,10,2.56,md,9,191,0.099,0.09,pr,pr2020350011,2020-12-15T08:50:50.236Z,"3 km WSW of Fuig, Puerto Rico",earthquake,0.46,0.63,0.24,8,reviewed,pr,pr
2020-12-15T08:22:48.018Z,50.9197,179.5291,44.4,3.1,ml,,,,0.55,ak,ak020g2yzve2,2020-12-15T18:47:56.063Z,"287 km WSW of Adak, Alaska",earthquake,,12.7,,,reviewed,ak,ak
2020-12-15T07:37:33.189Z,38.1627,-118.1018,4.7,3.3,ml,33,42.36,0.039,0.1488,nn,nn00792496,2020-12-15T15:41:46.560Z,"25 km S of Mina, Nevada",earthquake,,1.2,0.29,15,reviewed,nn,nn
2020-12-15T07:27:16.830Z,17.9243,-66.9791,10,2.5,md,8,233,0.0792,0.09,pr,pr2020350009,2020-12-15T07:50:14.785Z,"9 km SE of La Parguera, Puerto Rico",earthquake,0.61,0.84,0.28,7,reviewed,pr,pr
2020-12-15T07:24:48.154Z,64.3817,-159.9877,10.2,2.9,ml,,,,0.63,ak,ak020g2yeqx6,2020-12-15T18:42:45.177Z,"58 km E of Shaktoolik, Alaska",earthquake,,0.8,,,reviewed,ak,ak
2020-12-15T07:07:43.817Z,-12.1995,166.6365,105.47,4.9,mb,,204,3.274,0.66,us,us7000cr71,2020-12-15T07:27:53.040Z,"Santa Cruz Islands",earthquake,13.3,10.6,0.112,25,reviewed,us,us
2020-12-15T05:54:42.533Z,38.1673,-118.0907,4.7,3.3,ml,28,42.12,0.031,0.1492,nn,nn00792442,2020-12-15T15:12:36.040Z,"24 km S of Mina, Nevada",earthquake,,1.1,0.39,15,reviewed,nn,nn
2020-12-15T05:46:24.490Z,19.1538,-66.433,25,3.28,md,15,278,0.8686,0.19,pr,pr2020350007,2020-12-15T14:36:02.040Z,"76 km N of Brenas, Puerto Rico",earthquake,1.19,14.42,0.1,11,reviewed,pr,pr
2020-12-15T05:41:36.358Z,38.1478,-118.0754,5.1,3.6,ml,30,43.03,0.022,0.1693,nn,nn00792430,2020-12-15T17:13:40.843Z,"27 km S of Mina, Nevada",earthquake,,0.9,0.24,14,reviewed,nn,nn
2020-12-15T05:25:07.660Z,19.1376,-66.443,25,3.15,md,16,293,0.8499,0.17,pr,pr2020350008,2020-12-15T06:12:54.921Z,"74 km N of Tierras Nuevas Poniente, Puerto Rico",earthquake,0.86,13.01,0.1,9,reviewed,pr,pr
2020-12-15T05:13:13.012Z,31.6502,-104.3714,5,2.5,mb_lg,,62,0.111,0.36,us,us7000cr6f,2020-12-15T08:11:59.040Z,"58 km S of Whites City, New Mexico",earthquake,0.9,1.8,0.136,21,reviewed,us,us
2020-12-15T05:06:31.205Z,-15.7079,-172.7376,10,5.1,mb,,109,2.013,1.34,us,us7000cr6e,2020-12-15T05:37:48.040Z,"116 km ENE of Hihifo, Tonga",earthquake,8.7,1.8,0.116,24,reviewed,us,us
2020-12-15T04:15:21.160Z,17.9461,-66.962,12,2.72,md,14,213,0.0855,0.09,pr,pr2020350005,2020-12-15T04:43:36.488Z,"6 km WSW of Guánica, Puerto Rico",earthquake,0.6,0.44,0.18,12,reviewed,pr,pr
2020-12-15T04:13:28.387Z,-20.3645,-178.5126,595.43,4.4,mb,,132,4.164,0.76,us,us7000cr67,2020-12-15T04:27:09.040Z,"Fiji region",earthquake,11.8,9.5,0.056,90,reviewed,us,us
2020-12-15T03:24:04.481Z,-23.361,-179.2114,526.7,4.7,mb,,137,17.688,0.48,us,us7000cr5s,2020-12-15T03:42:11.040Z,"south of the Fiji Islands",earthquake,14.8,12.8,0.106,27,reviewed,us,us
2020-12-15T02:55:01.646Z,43.2986,-126.9014,10,3.5,ml,,281,2.123,0.58,us,us7000cr5n,2020-12-15T16:58:14.012Z,"203 km W of Bandon, Oregon",earthquake,9.9,2,0.042,74,reviewed,us,us
2020-12-15T02:30:09.320Z,29.524,34.9768,10,3.9,mb,,288,1.845,0.92,us,us7000cr5v,2020-12-15T22:14:27.437Z,"3 km W of Aqaba, Jordan",earthquake,3.4,2,0.23,5,reviewed,us,us
2020-12-15T01:38:41.920Z,17.9315,-66.878,8,3.01,md,15,197,0.1705,0.12,pr,pr2020350003,2020-12-15T01:59:02.365Z,"5 km SSE of Maria Antonia, Puerto Rico",earthquake,0.5,1.39,0.19,11,reviewed,pr,pr
2020-12-15T00:39:04.230Z,17.997,-66.4925,7,3.28,md,18,170,0.1165,0.09,pr,pr2020350001,2020-12-15T03:09:17.828Z,"0 km NE of Potala Pastillo, Puerto Rico",earthquake,0.48,0.3,0.17,17,reviewed,pr,pr
2020-12-15T00:35:22.346Z,38.1598,-117.942,10.8,4.3,ml,33,27.42,0.025,0.1472,nn,nn00792265,2020-12-16T00:37:37.976Z,"29 km SSE of Mina, Nevada",earthquake,,0.5,0.18,15,reviewed,nn,nn
2020-12-15T00:29:22.083Z,38.1594,-118.1006,4.7,2.7,ml,29,108.1,0.038,0.1418,nn,nn00792258,2020-12-15T01:33:05.599Z,"25 km S of Mina, Nevada",earthquake,,1.1,0.24,13,reviewed,nn,nn
2020-12-15T00:27:03.530Z,18.0066,-66.4858,6,3.15,md,17,165,0.1156,0.2,pr,pr2020350000,2020-12-15T01:44:38.300Z,"2 km NE of Potala Pastillo, Puerto Rico",earthquake,0.53,0.42,0.28,17,reviewed,pr,pr
2020-12-15T00:19:10.340Z,19.1725,-67.3991,36,3.34,md,4,320,1.0479,0.47,pr,pr2020350002,2020-12-15T02:02:13.205Z,"81 km NNW of San Antonio, Puerto Rico",earthquake,5.16,28.26,0.01,2,reviewed,pr,pr
2020-12-14T23:23:50.032Z,38.1743,-118.0682,6.8,3.1,ml,9,206.27,0.019,0.1614,nn,nn00792238,2020-12-15T02:31:11.553Z,"24 km S of Mina, Nevada",earthquake,,1.4,0.26,7,reviewed,nn,nn
2020-12-14T23:23:44.259Z,38.1654,-118.0927,3.5,2.9,ml,24,68.75,0.033,0.1636,nn,nn00792248,2020-12-15T02:31:14.028Z,"25 km S of Mina, Nevada",earthquake,,1.4,0.21,13,reviewed,nn,nn
2020-12-14T23:22:21.489Z,63.6026,-149.7159,116.7,2.6,ml,,,,0.59,ak,ak020g1kdund,2020-12-14T23:54:09.040Z,"42 km WSW of McKinley Park, Alaska",earthquake,,0.4,,,automatic,ak,ak
2020-12-14T22:24:23.292Z,38.1518,-118.1087,4.6,2.8,ml,29,78.02,0.045,0.1494,nn,nn00792206,2020-12-15T02:31:08.236Z,"California-Nevada border region",earthquake,,1.4,0.37,13,reviewed,nn,nn
2020-12-14T21:58:46.465Z,38.8455,43.4714,10,4.7,mb,,55,0.623,0.93,us,us7000cr3p,2020-12-15T07:45:14.513Z,"22 km SSE of Erciş, Turkey",earthquake,6.1,1.9,0.069,63,reviewed,us,us
2020-12-14T21:20:10.831Z,38.1554,-118.1231,5.2,4.7,ml,33,42.76,0.056,0.1432,nn,nn00792158,2020-12-15T21:22:29.821Z,"26 km S of Mina, Nevada",earthquake,,1.8,0.51,12,reviewed,nn,nn
2020-12-14T20:33:18.040Z,39.927166,-120.711998,-2,2.63,md,24,102,0.265,0.22,nc,nc73497720,2020-12-14T23:12:04.646Z,"4km NE of Greenhorn, CA",earthquake,0.51,3.02,0.14,23,automatic,nc,nc
2020-12-14T20:19:19.713Z,56.3342,-156.4281,56.6,3.2,ml,,,,0.61,ak,ak020g1ikwcv,2020-12-14T20:55:00.742Z,"122 km E of Chignik, Alaska",earthquake,,0.9,,,reviewed,ak,ak
2020-12-14T20:00:03.560Z,44.6311667,-112.4923333,4.95,3.65,ml,40,93,0.08,0.22,mb,mb80479589,2020-12-15T20:02:21.059Z,"7 km E of Lima, Montana",earthquake,0.41,0.85,0.429,31,reviewed,mb,mb
2020-12-14T19:59:21.663Z,-17.3286,-173.1188,10,5,mb,,144,3.636,1.05,us,us7000cr20,2020-12-14T20:29:48.040Z,"168 km SSE of Hihifo, Tonga",earthquake,15.4,1.9,0.085,44,reviewed,us,us
2020-12-14T19:42:25.990Z,18.1658,-67.5526,14,3.08,md,15,269,0.2306,0.29,pr,pr2020349011,2020-12-14T20:32:50.183Z,"36 km WSW of Stella, Puerto Rico",earthquake,1.29,1.68,0.19,15,reviewed,pr,pr
2020-12-14T19:35:58.492Z,72.2441,0.764,10,5.8,mww,,17,7.138,0.8,us,us7000cr1r,2020-12-15T19:40:30.359Z,"Norwegian Sea",earthquake,8.7,1.8,0.037,72,reviewed,us,us
2020-12-14T19:27:51.290Z,19.865,-155.568,24.59,4.36,ml,52,209,,0.12,hv,hv72281637,2020-12-16T00:56:39.174Z,"20 km SSE of Waimea, Hawaii",earthquake,0.53,1.09,0.180680126136268,29,reviewed,hv,hv
2020-12-14T19:08:19.003Z,61.907,-152.1947,115.1,3.4,ml,,,,0.65,ak,ak020g1hx3zm,2020-12-14T19:21:53.879Z,"42 km WSW of Skwentna, Alaska",earthquake,,0.4,,,automatic,ak,ak
2020-12-14T18:54:23.815Z,-21.0221,-179.0567,623.7,4.9,mb,,72,4.251,1.25,us,us7000cr1j,2020-12-14T19:08:55.040Z,"Fiji region",earthquake,13.3,2.1,0.082,47,reviewed,us,us
2020-12-14T18:41:05.735Z,63.3254,-145.5012,2.9,3,ml,,,,0.59,ak,ak020g1hiq0r,2020-12-15T23:10:29.040Z,"26 km NNE of Paxson, Alaska",earthquake,,0.3,,,reviewed,ak,ak
2020-12-14T18:24:10.899Z,-5.1633,101.9387,27.65,4.6,mb,,110,1.289,0.93,us,us7000cr1c,2020-12-15T23:00:22.040Z,"155 km SSW of Bengkulu, Indonesia",earthquake,7.7,6.8,0.116,22,reviewed,us,us
2020-12-14T18:04:29.444Z,69.5618,-144.2892,3,2.7,ml,,,,0.56,ak,ak020g1hauu1,2020-12-15T23:21:51.040Z,"68 km SSW of Kaktovik, Alaska",earthquake,,1.4,,,reviewed,ak,ak
2020-12-14T18:01:55.300Z,34.548,-118.894,21.18,2.83,ml,32,35,0.1403,0.25,ci,ci37308332,2020-12-15T22:57:05.768Z,"17km N of Fillmore, CA",earthquake,0.33,1,0.157,223,reviewed,ci,ci
2020-12-14T18:01:42.440Z,34.5443333,-118.8973333,19.42,2.81,ml,68,23,0.1362,0.26,ci,ci39729840,2020-12-15T22:46:11.300Z,"16km N of Fillmore, CA",earthquake,0.2,0.45,0.176,34,reviewed,ci,ci
2020-12-14T17:14:04.501Z,4.2745,125.9822,127.85,4.6,mb,,155,3.744,0.82,us,us7000cr0u,2020-12-14T22:18:33.040Z,"137 km SSE of Sarangani, Philippines",earthquake,10.4,10.7,0.146,14,reviewed,us,us
2020-12-14T16:24:12.200Z,17.9508,-66.9413,7,2.83,md,18,193,0.1046,0.17,pr,pr2020349010,2020-12-15T00:26:48.693Z,"4 km WSW of Guánica, Puerto Rico",earthquake,0.46,0.31,0.23,11,reviewed,pr,pr
2020-12-14T15:20:49.499Z,-21.8114,-68.7096,114,6,mww,,34,0.494,0.76,us,us7000cqyz,2020-12-15T15:26:07.096Z,"74 km NNE of Calama, Chile",earthquake,5.5,1.8,0.045,47,reviewed,us,us
2020-12-14T14:49:47.190Z,59.9989,-152.7341,101.2,2.5,ml,,,,0.47,ak,ak020g1f6siq,2020-12-14T15:11:01.040Z,"56 km W of Happy Valley, Alaska",earthquake,,0.4,,,automatic,ak,ak
2020-12-14T13:55:43.500Z,-24.2689,-179.2361,526.44,4.6,mb,,80,5.092,0.58,us,us7000cqys,2020-12-14T14:18:28.040Z,"south of the Fiji Islands",earthquake,12.1,8,0.099,32,reviewed,us,us
2020-12-14T13:45:36.618Z,-22.9546,-66.8578,232.61,4.2,mb,,218,1.217,0.28,us,us7000cqyr,2020-12-14T14:27:54.040Z,"121 km WSW of Abra Pampa, Argentina",earthquake,14.3,12.1,0.373,2,reviewed,us,us
2020-12-14T13:45:12.455Z,59.9246,-152.9639,101.1,2.7,ml,,,,0.77,ak,ak020g1ekfc5,2020-12-14T14:40:11.040Z,"65 km WNW of Anchor Point, Alaska",earthquake,,0.4,,,automatic,ak,ak
2020-12-14T10:49:28.980Z,39.3022,21.6321,10,4.5,mb,,43,0.615,0.98,us,us7000cqy6,2020-12-15T09:39:44.040Z,"11 km WSW of Morfovoúni, Greece",earthquake,4,1.9,0.27,5,reviewed,us,us
2020-12-14T09:53:10.850Z,17.9435,-66.916,13,3.29,md,17,201,0.1308,0.14,pr,pr2020349009,2020-12-15T09:26:29.040Z,"3 km SSW of Guánica, Puerto Rico",earthquake,0.62,0.38,0.15,9,reviewed,pr,pr
2020-12-14T09:48:55.392Z,-20.6898,172.2323,39.46,4.6,mb,,216,4.001,0.63,us,us7000cqyj,2020-12-15T09:21:14.040Z,"Vanuatu region",earthquake,13.7,9.8,0.116,22,reviewed,us,us
2020-12-14T09:22:48.360Z,44.3183333,-115.202,5.73,2.53,ml,9,87,0.199,0.2,mb,mb80479429,2020-12-14T16:52:43.160Z,"23 km WNW of Stanley, Idaho",earthquake,1.23,1.93,0.272,11,reviewed,mb,mb
2020-12-14T09:10:11.230Z,17.9118,-66.7848,7,2.84,md,16,199,0.2215,0.24,pr,pr2020349007,2020-12-14T09:41:40.610Z,"9 km SSE of Indios, Puerto Rico",earthquake,0.68,0.37,0.3,7,reviewed,pr,pr
2020-12-14T09:01:50.463Z,52.9933,-170.6639,230.49,4.5,mb,,93,0.495,0.59,us,us7000cqxq,2020-12-14T20:18:21.787Z,"121 km W of Nikolski, Alaska",earthquake,9.5,5.6,0.068,63,reviewed,us,us
2020-12-14T08:22:18.830Z,-17.2,-172.2867,82.58,4.9,mb,,92,3.308,0.56,us,us7000cqxg,2020-12-14T08:43:37.040Z,"212 km SE of Hihifo, Tonga",earthquake,10.7,8.3,0.156,18,reviewed,us,us
2020-12-14T08:11:36.681Z,53.5305,-165.4462,38.7,3.4,ml,,,,0.53,ak,ak020g1be10f,2020-12-14T20:12:00.493Z,"70 km SSE of Akutan, Alaska",earthquake,,0.9,,,reviewed,ak,ak
2020-12-14T07:30:18.106Z,-18.8622,169.0289,199.32,4.6,mb,,140,2.768,0.55,us,us7000cqx6,2020-12-14T07:49:15.040Z,"79 km NNW of Isangel, Vanuatu",earthquake,9.8,6.2,0.119,21,reviewed,us,us
2020-12-14T06:21:00.162Z,-22.3343,-179.5355,573.99,4.6,mb,,83,5.097,0.76,us,us7000cqx2,2020-12-14T06:43:40.040Z,"south of the Fiji Islands",earthquake,12.8,10.1,0.049,122,reviewed,us,us
2020-12-14T06:08:40.614Z,54.2198,-159.6726,16,2.6,ml,,,,0.79,ak,ak020g1a6j6t,2020-12-14T20:07:19.728Z,"135 km SSE of Sand Point, Alaska",earthquake,,4.5,,,reviewed,ak,ak
2020-12-14T05:32:36.190Z,40.364666,-125.0234985,0.57,3.15,ml,28,278,0.5892,0.25,nc,nc73497495,2020-12-14T14:21:01.040Z,"63km W of Petrolia, CA",earthquake,3.96,8.44,0.285,7,automatic,nc,nc
2020-12-14T04:36:42.994Z,38.1499,-117.8824,10.4,2.5,ml,31,43.97,0.011,0.1368,nn,nn00792012,2020-12-14T16:44:14.467Z,"33 km SE of Mina, Nevada",earthquake,,0.5,0.24,14,reviewed,nn,nn
2020-12-14T04:19:52.733Z,-19.2281,-175.3736,196.22,5,mb,,98,5.555,1.3,us,us7000cqwn,2020-12-14T05:16:25.040Z,"125 km WNW of Pangai, Tonga",earthquake,11.8,1.8,0.066,72,reviewed,us,us
2020-12-14T04:16:04.840Z,55.9308,163.7553,10,4.6,mb,,150,4.165,0.89,us,us7000cqwe,2020-12-14T04:33:25.040Z,"86 km ESE of Ust’-Kamchatsk Staryy, Russia",earthquake,11.6,1.9,0.057,91,reviewed,us,us
2020-12-14T03:19:10.730Z,18.4926,-68.9798,174,3.93,md,22,253,0.5988,0.04,pr,pr2020349004,2020-12-14T11:21:48.903Z,"7 km N of La Romana, Dominican Republic",earthquake,6.06,1.76,0.16,10,reviewed,pr,pr
2020-12-14T03:15:29.920Z,-28.1668,-64.6069,29.14,4.8,mb,,57,4.229,1.04,us,us7000cqw1,2020-12-14T14:19:35.543Z,"53 km SW of Santiago del Estero, Argentina",earthquake,7.3,4.3,0.054,107,reviewed,us,us
2020-12-14T02:21:39.831Z,-30.8938,-69.1371,113.94,4.4,mb,,80,0.756,1.34,us,us7000cqvt,2020-12-14T03:25:25.391Z,"55 km NNE of Calingasta, Argentina",earthquake,6.8,6.3,0.269,4,reviewed,us,us
2020-12-14T01:57:10.943Z,-23.9638,179.8623,528.86,5.6,mww,,22,5.619,0.88,us,us7000cqvm,2020-12-15T02:00:08.974Z,"south of the Fiji Islands",earthquake,9.6,4.4,0.075,17,reviewed,us,us
2020-12-14T01:11:19.951Z,61.9342,-150.4622,36.1,2.7,ml,,,,0.82,ak,ak020g177ycb,2020-12-14T01:52:16.040Z,"30 km NW of Willow, Alaska",earthquake,,1.2,,,automatic,ak,ak
2020-12-14T00:44:17.620Z,18.5241,-68.8901,128,3.86,md,20,105,0.5088,0.07,pr,pr2020349001,2020-12-14T08:46:49.913Z,"11 km SE of Guaymate, Dominican Republic",earthquake,1.1,1.08,0.12,20,reviewed,pr,pr
2020-12-14T00:16:30.916Z,-20.8007,-70.3382,69.54,3.9,mb,,176,0.276,0.8,us,us7000cqvc,2020-12-14T01:49:15.578Z,"67 km SSW of Iquique, Chile",earthquake,6.3,5.1,0.363,2,reviewed,us,us
2020-12-13T23:53:13.850Z,36.1105,-89.3975,10.62,2.81,md,60,31,0.02635,0.15,nm,nm60337191,2020-12-15T04:19:22.325Z,"8 km N of Dyersburg, Tennessee",earthquake,0.18,0.29,0.095,51,reviewed,nm,nm
2020-12-13T22:47:23.560Z,18.0898,-64.3331,10,3.48,md,11,172,1.1872,0.48,pr,pr2020348016,2020-12-14T01:18:38.040Z,"55 km ESE of Cruz Bay, U.S. Virgin Islands",earthquake,5.45,2.97,0.1,10,reviewed,pr,pr
2020-12-13T22:43:22.307Z,21.6904,143.009,298.06,4.4,mb,,120,5.433,0.51,us,us7000cqv3,2020-12-14T01:15:24.040Z,"Mariana Islands region",earthquake,10.2,7.3,0.068,63,reviewed,us,us
2020-12-13T22:16:08.140Z,-20.8163,-68.87,101.4,4.3,mb,,45,0.619,0.54,us,us7000cqv1,2020-12-14T00:59:31.040Z,"149 km ESE of Iquique, Chile",earthquake,5.3,5.7,0.16,11,reviewed,us,us
2020-12-13T22:05:58.774Z,-4.1845,153.1223,10,5.2,mww,,72,0.956,0.69,us,us7000cqv0,2020-12-14T17:56:07.963Z,"96 km E of Kokopo, Papua New Guinea",earthquake,3.7,1.8,0.08,15,reviewed,us,us
2020-12-13T19:19:31.120Z,18.0145,-66.7786,14,3.09,md,19,152,0.1747,0.12,pr,pr2020348013,2020-12-14T01:07:29.156Z,"1 km WSW of Magas Arriba, Puerto Rico",earthquake,0.49,0.37,0.21,18,reviewed,pr,pr
2020-12-13T19:06:25.881Z,52.8173,-174.0775,178.92,4.6,mb,,133,0.621,0.84,us,us7000cqub,2020-12-13T20:00:38.326Z,"69 km N of Atka, Alaska",earthquake,15.1,11.8,0.09,37,reviewed,us,us
2020-12-13T17:45:08.433Z,60.0124,-153.2769,122.5,2.9,ml,,,,0.67,ak,ak020fztesy9,2020-12-13T20:42:36.512Z,"52 km ENE of Pedro Bay, Alaska",earthquake,,0.3,,,automatic,ak,ak
2020-12-13T17:40:03.403Z,61.8744,-151.319,84.2,3.2,ml,,,,0.69,ak,ak020fztdq0g,2020-12-13T18:46:19.040Z,"13 km SSE of Skwentna, Alaska",earthquake,,0.4,,,automatic,ak,ak
2020-12-13T17:26:46.905Z,37.7197,-97.2024,5,2.8,mb_lg,,121,0.719,0.35,us,us7000cqtw,2020-12-15T01:59:45.368Z,"5 km W of Andover, Kansas",earthquake,2.6,2,0.228,6,reviewed,us,us
2020-12-13T17:17:32.550Z,19.0775,-66.5953,52,3.37,md,8,297,0.7479,0.49,pr,pr2020348017,2020-12-14T17:41:01.965Z,"68 km N of Arecibo, Puerto Rico",earthquake,4.55,10.61,0.05,6,reviewed,pr,pr
2020-12-13T16:01:13.750Z,44.1261667,-115.0888333,8.68,2.54,ml,12,80,0.117,0.17,mb,mb80479374,2020-12-14T16:12:42.200Z,"15 km SW of Stanley, Idaho",earthquake,0.53,0.61,0.146,12,reviewed,mb,mb
2020-12-13T14:44:08.058Z,-15.0517,-173.4212,7.3,4.9,mb,,124,1.952,0.68,us,us7000cqte,2020-12-13T15:37:20.040Z,"107 km NNE of Hihifo, Tonga",earthquake,9.1,4.3,0.055,104,reviewed,us,us
2020-12-13T14:29:42.074Z,-16.6201,-173.21,18.61,5.1,mb,,68,3.027,0.43,us,us7000cqt1,2020-12-13T22:32:14.030Z,"96 km SE of Hihifo, Tonga",earthquake,12.7,4.5,0.107,32,reviewed,us,us
2020-12-13T14:26:03.510Z,17.9381,-66.9563,10,2.65,md,19,210,0.0933,0.12,pr,pr2020348009,2020-12-13T14:55:32.790Z,"6 km SW of Guánica, Puerto Rico",earthquake,0.46,0.57,0.34,15,reviewed,pr,pr
2020-12-13T13:35:39.330Z,18.4033,-68.006,101,3.33,md,13,142,0.5272,0.46,pr,pr2020348008,2020-12-13T14:05:56.795Z,"46 km ESE of Punta Cana, Dominican Republic",earthquake,2.64,2.029,0.12,6,reviewed,pr,pr
2020-12-13T13:29:06.033Z,43.296,-126.7082,10,3.1,ml,,261,1.536,0.31,us,us7000cqsj,2020-12-13T14:36:40.040Z,"187 km W of Bandon, Oregon",earthquake,8.3,2,0.045,64,reviewed,us,us
2020-12-13T13:05:01.577Z,43.204,45.5723,10,4.6,mb,,77,2.227,0.53,us,us7000cqse,2020-12-13T14:29:33.040Z,"3 km S of Alkhan-Yurt, Russia",earthquake,8.2,1.9,0.068,65,reviewed,us,us
2020-12-13T13:02:16.040Z,17.9176,-66.8848,6,2.66,md,16,203,0.1676,0.12,pr,pr2020348007,2020-12-13T13:34:51.901Z,"6 km SSE of Guánica, Puerto Rico",earthquake,0.5,0.33,0.18,10,reviewed,pr,pr
2020-12-13T12:56:24.530Z,19.4078333333333,-154.834333333333,4.67,2.51,ml,47,286,,0.15,hv,hv72279772,2020-12-15T01:40:12.100Z,"11 km SE of Leilani Estates, Hawaii",earthquake,0.8,0.54,0.114959313984023,11,reviewed,hv,hv
2020-12-13T12:10:52.623Z,38.147,-117.8848,9.5,2.5,ml,25,45.72,0.014,0.1162,nn,nn00791882,2020-12-13T17:25:38.668Z,"33 km SE of Mina, Nevada",earthquake,,0.6,0.44,11,reviewed,nn,nn
2020-12-13T12:05:22.353Z,44.1598,-115.1226,10,3.2,ml,,76,0.118,0.53,us,us7000cqs1,2020-12-14T15:56:49.780Z,"16 km WSW of Stanley, Idaho",earthquake,3.8,2,0.049,54,reviewed,us,us
2020-12-13T11:44:19.981Z,-24.3606,-67.378,200.33,4.8,mb,,84,1.582,0.59,us,us7000cqrx,2020-12-13T12:04:00.040Z,"108 km W of San Antonio de los Cobres, Argentina",earthquake,7.4,13.2,0.144,15,reviewed,us,us
2020-12-13T11:40:41.790Z,19.4831666666667,-155.656,-0.08,3.12,ml,49,75,,0.15,hv,hv72279637,2020-12-13T18:05:12.350Z,"22 km E of Honaunau-Napoopoo, Hawaii",earthquake,0.22,0.63,0.161097900872855,26,reviewed,hv,hv
2020-12-13T11:34:18.800Z,43.2312,45.6378,10,4.6,mb,,47,2.263,0.94,us,us7000cqrv,2020-12-13T12:09:31.040Z,"Caucasus region, Russia",earthquake,7.3,1,0.081,45,reviewed,us,us
2020-12-13T11:32:32.230Z,19.241,-68.1665,92,3.72,md,18,202,0.7582,0.58,pr,pr2020348005,2020-12-13T12:03:58.317Z,"77 km NNE of Punta Cana, Dominican Republic",earthquake,3.13,5.27,0.13,9,reviewed,pr,pr
2020-12-13T11:28:24.299Z,59.7481,-152.3503,77.1,2.7,ml,,,,0.31,ak,ak020fzpqlfh,2020-12-13T12:01:42.472Z,"29 km W of Anchor Point, Alaska",earthquake,,1,,,automatic,ak,ak
2020-12-13T10:37:24.370Z,37.4708328,-118.8463364,6.41,2.86,md,27,61,0.1198,0.05,nc,nc73497300,2020-12-14T00:22:20.320Z,"18km SW of Toms Place, CA",earthquake,0.28,1.54,0.15,38,automatic,nc,nc
2020-12-13T08:39:50.033Z,-9.7463,109.6876,10,5.2,mb,,58,2,0.66,us,us7000cqqz,2020-12-13T08:59:11.040Z,"209 km SSW of Bambanglipuro, Indonesia",earthquake,7.3,1.9,0.065,78,reviewed,us,us
2020-12-13T08:32:32.710Z,35.974,-97.2595,6.76,2.63,ml,100,21,0,0.17,ok,ok2020ykqm,2020-12-14T15:42:12.396Z,"Oklahoma",earthquake,,0.3,0.24,41,reviewed,ok,ok
2020-12-13T08:07:53.260Z,18.1303,-67.3321,16,2.8,md,16,214,0.2064,0.17,pr,pr2020348003,2020-12-13T08:41:52.773Z,"16 km WNW of Puerto Real, Puerto Rico",earthquake,0.91,0.58,0.13,13,reviewed,pr,pr
2020-12-13T07:25:34.144Z,-24.0292,176.597,10,5.3,mww,,45,6.399,0.54,us,us7000cqqn,2020-12-14T16:46:36.040Z,"south of the Fiji Islands",earthquake,9.7,1.7,0.073,18,reviewed,us,us
2020-12-13T06:55:34.296Z,-40.272,78.0915,10,5.1,mb,,64,2.505,0.58,us,us7000cqqe,2020-12-13T07:16:00.040Z,"Mid-Indian Ridge",earthquake,10,1.9,0.085,45,reviewed,us,us
2020-12-13T06:53:32.935Z,16.6198,120.3353,81.72,4.8,mb,,77,0.934,0.68,us,us7000cqqr,2020-12-13T11:00:42.040Z,"2 km ENE of San Fernando, Philippines",earthquake,7.3,6.3,0.063,78,reviewed,us,us
2020-12-13T06:34:32.596Z,52.7986,-168.2264,36.31,4.5,mb,,170,0.418,0.99,us,us7000cqqa,2020-12-13T07:43:02.840Z,"45 km ESE of Nikolski, Alaska",earthquake,6.5,7.7,0.046,138,reviewed,us,us
2020-12-13T06:07:50.091Z,19.5279,-70.3734,22.34,4.2,mb,,125,0.348,0.97,us,us7000cqq8,2020-12-13T22:47:20.256Z,"7 km SW of Veragua Arriba, Dominican Republic",earthquake,5.7,3.4,0.065,66,reviewed,us,us
2020-12-13T06:03:33.280Z,17.9555,-66.8578,12,2.59,md,18,190,0.1869,0.09,pr,pr2020348002,2020-12-13T14:23:12.738Z,"4 km SE of Maria Antonia, Puerto Rico",earthquake,0.46,0.38,0.39,16,reviewed,pr,pr
2020-12-13T05:47:58.669Z,39.5803,55.5819,10,4.9,mb,,46,7.434,1.01,us,us7000cqpy,2020-12-13T06:11:27.040Z,"37 km N of Bereket, Turkmenistan",earthquake,7.7,1.9,0.072,61,reviewed,us,us
2020-12-13T05:44:43.469Z,44.3228,-115.1737,9.44,2.5,ml,,130,0.185,0.49,us,us7000cqpw,2020-12-14T21:55:15.830Z,"22 km WNW of Stanley, Idaho",earthquake,3.3,9.1,0.071,26,reviewed,us,us
2020-12-13T05:26:14.369Z,59.7047,-153.1628,104.1,2.7,ml,,,,0.57,ak,ak020fzm5jik,2020-12-13T06:07:21.614Z,"53 km E of Pedro Bay, Alaska",earthquake,,0.3,,,automatic,ak,ak
2020-12-13T01:11:51.480Z,38.803833,-122.7983322,1.78,2.78,md,60,34,0.004759,0.09,nc,nc73497120,2020-12-13T03:09:07.586Z,"5km NW of The Geysers, CA",earthquake,0.15,0.21,0.17,47,automatic,nc,nc
2020-12-13T01:02:15.970Z,58.1877,-155.1248,100.3,2.8,ml,,,,0.73,ak,ak020fzjmo3h,2020-12-13T01:17:31.040Z,"79 km NNW of Karluk, Alaska",earthquake,,0.3,,,automatic,ak,ak
2020-12-12T23:50:22.755Z,43.2655,45.5679,18,4.1,mb,,80,2.203,0.77,us,us7000cqni,2020-12-13T00:04:27.040Z,"2 km ENE of Alkhan-Kala, Russia",earthquake,8,7.2,0.134,15,reviewed,us,us
2020-12-12T23:41:58.849Z,57.4697,-155.5304,81.9,2.6,ml,,,,0.51,ak,ak020fy9fb5u,2020-12-12T23:55:15.040Z,"65 km W of Karluk, Alaska",earthquake,,0.5,,,automatic,ak,ak
2020-12-12T21:29:51.378Z,43.2085,45.5186,25.74,4.7,mb,,43,2.189,0.53,us,us7000cqmw,2020-12-13T06:23:15.032Z,"3 km SSE of Kulary, Russia",earthquake,8.4,5.5,0.058,90,reviewed,us,us
2020-12-12T20:40:11.950Z,19.4043333333333,-155.291666666667,2.17,2.51,ml,45,36,,0.11,hv,hv72278402,2020-12-15T03:10:52.786Z,"7 km SW of Volcano, Hawaii",earthquake,0.14,0.12,0.183006709659366,20,reviewed,hv,hv
2020-12-12T20:04:03.534Z,18.5123,120.4988,37.86,4.2,mb,,122,0.956,0.63,us,us7000cqmm,2020-12-12T22:21:45.040Z,"9 km WNW of Davila, Philippines",earthquake,8.1,8,0.102,27,reviewed,us,us
2020-12-12T19:20:12.700Z,39.9048347,-123.7736664,2.13,3.28,ml,24,137,0.0874,0.22,nc,nc73497020,2020-12-13T16:34:16.439Z,"19km N of Rockport, CA",earthquake,0.69,1.05,0.185,7,automatic,nc,nc
2020-12-12T19:18:37.140Z,18.0201,-66.7745,14,2.6,md,18,110,0.1698,0.16,pr,pr2020347012,2020-12-12T19:44:09.268Z,"0 km WNW of Magas Arriba, Puerto Rico",earthquake,0.48,0.4,0.16,9,reviewed,pr,pr
2020-12-12T18:58:53.107Z,-6.8002,129.078,197.68,4.3,mb,,79,2.496,1.29,us,us7000cqmg,2020-12-12T20:10:47.040Z,"298 km NE of Lospalos, Timor Leste",earthquake,7.6,7.7,0.138,18,reviewed,us,us
2020-12-12T17:48:05.921Z,-3.7077,151.8401,34.82,5,mww,,59,4.764,0.83,us,us7000cqm7,2020-12-13T01:59:22.360Z,"65 km NNW of Rabaul, Papua New Guinea",earthquake,8.5,5,0.098,10,reviewed,us,us
2020-12-12T17:28:50.620Z,17.9115,-66.8588,14,2.77,md,17,216,0.1943,0.15,pr,pr2020347010,2020-12-12T18:09:58.932Z,"8 km SSE of Maria Antonia, Puerto Rico",earthquake,0.68,0.81,0.36,14,reviewed,pr,pr
2020-12-12T17:23:43.172Z,12.7017,-87.975,53.34,4.1,mb,,165,0.931,0.98,us,us7000cqls,2020-12-12T19:51:42.040Z,"55 km S of Intipucá, El Salvador",earthquake,6.8,10,0.213,6,reviewed,us,us
2020-12-12T17:10:05.285Z,-6.6878,131.0719,82.17,4.9,mb,,41,1.305,0.74,us,us7000cqlm,2020-12-12T17:27:25.040Z,"219 km WSW of Tual, Indonesia",earthquake,5.6,7.6,0.08,52,reviewed,us,us
2020-12-12T15:55:22.783Z,-9.1352,123.4147,106.4,5.2,mww,,75,1.042,0.98,us,us7000cqkx,2020-12-12T17:23:19.361Z,"64 km NW of Naisano Dua, Indonesia",earthquake,7.2,6.6,0.093,11,reviewed,us,us
2020-12-12T15:36:45.180Z,18.0233,-66.7738,14,2.72,md,19,99,0.1687,0.11,pr,pr2020347008,2020-12-12T16:09:39.589Z,"0 km NW of Magas Arriba, Puerto Rico",earthquake,0.29,0.27,0.19,12,reviewed,pr,pr
2020-12-12T15:30:59.960Z,18.0135,-66.7365,15,2.73,md,17,143,0.1335,0.14,pr,pr2020347007,2020-12-12T16:09:24.645Z,"2 km NW of Tallaboa, Puerto Rico",earthquake,0.51,0.44,0.17,15,reviewed,pr,pr
2020-12-12T15:01:56.680Z,18.0186,-66.7791,13,3.58,md,19,137,0.1745,0.1,pr,pr2020347006,2020-12-13T15:04:01.869Z,"Puerto Rico region",earthquake,0.46,0.22,0.12,16,reviewed,pr,pr
2020-12-12T14:32:26.776Z,0.7792,126.0476,92.67,4.7,mb,,69,1.319,1.31,us,us7000cqkj,2020-12-12T15:21:10.040Z,"139 km ESE of Tondano, Indonesia",earthquake,5.9,9.5,0.123,20,reviewed,us,us
2020-12-12T14:28:46.050Z,44.4526667,-115.2206667,8.26,2.5,ml,12,81,0.303,0.2,mb,mb80479314,2020-12-12T23:00:33.340Z,"34 km NW of Stanley, Idaho",earthquake,1.28,1.95,0.243,13,reviewed,mb,mb
2020-12-12T14:19:12.350Z,17.9626,-67.0071,8,3.09,md,19,194,0.0377,0.08,pr,pr2020347005,2020-12-12T15:09:47.040Z,"4 km ESE of La Parguera, Puerto Rico",earthquake,0.39,0.6,0.22,18,reviewed,pr,pr
2020-12-12T13:18:28.937Z,56.9125,-156.7869,44.3,2.7,ml,,,,0.43,ak,ak020fy3bzcd,2020-12-12T15:14:20.040Z,"76 km SSE of Ugashik, Alaska",earthquake,,4.2,,,automatic,ak,ak
2020-12-12T12:50:56.528Z,-18.827,169.0543,134.03,4.6,mb,,114,2.81,0.92,us,us7000cqjw,2020-12-12T13:11:51.040Z,"82 km NNW of Isangel, Vanuatu",earthquake,5.4,7.8,0.095,33,reviewed,us,us
2020-12-12T12:38:28.547Z,-7.8831,116.9306,276.4,4.6,mb,,75,2.811,0.94,us,us7000cqjt,2020-12-12T12:56:40.040Z,"74 km NNE of Labuan Lombok, Indonesia",earthquake,8.5,7.6,0.084,42,reviewed,us,us
2020-12-12T12:18:31.260Z,54.4097,-159.5069,34.16,3.2,ml,,200,0.424,0.66,us,us7000cqmc,2020-12-13T08:07:57.086Z,"121 km SSE of Sand Point, Alaska",earthquake,6,11.2,0.077,22,reviewed,us,us
2020-12-12T11:56:38.830Z,18.0316,-66.7986,17,2.59,md,16,132,0.1927,0.12,pr,pr2020347004,2020-12-12T12:16:16.488Z,"1 km NNW of Guayanilla, Puerto Rico",earthquake,0.41,0.46,0.15,11,reviewed,pr,pr
2020-12-12T11:17:37.773Z,60.0312,-153.379,129.4,2.6,ml,,,,0.61,ak,ak020fy24x18,2020-12-12T11:31:17.489Z,"48 km ENE of Pedro Bay, Alaska",earthquake,,0.6,,,automatic,ak,ak
2020-12-12T10:34:56.154Z,12.0946,-86.4742,162.59,4.5,mb,,147,0.227,0.44,us,us7000cqja,2020-12-12T10:51:50.040Z,"13 km NNE of Villa El Carmen, Nicaragua",earthquake,5.1,7.3,0.062,76,reviewed,us,us
2020-12-12T09:56:10.066Z,38.1526,-118.0855,7.8,3.1,ml,32,44.14,0.027,0.161,nn,nn00791523,2020-12-13T02:30:09.747Z,"26 km S of Mina, Nevada",earthquake,,0.9,0.2,14,reviewed,nn,nn
2020-12-12T08:56:41.841Z,38.1545,-118.0891,6.6,3.1,ml,24,127.6,0.03,0.1798,nn,nn00791517,2020-12-14T16:16:04.601Z,"26 km S of Mina, Nevada",earthquake,,1,0.41,10,reviewed,nn,nn
2020-12-12T08:33:45.090Z,36.0478325,-120.6104965,10.64,2.6,md,31,117,,0.12,nc,nc73496780,2020-12-12T16:19:22.765Z,"23km NW of Parkfield, CA",earthquake,0.29,0.72,0.16,37,automatic,nc,nc
2020-12-12T08:33:11.651Z,38.1398,-118.1007,6.8,2.6,ml,25,78.77,0.043,0.119,nn,nn00792111,2020-12-14T18:05:10.187Z,"27 km S of Mina, Nevada",earthquake,,1.1,0.31,11,reviewed,nn,nn
2020-12-12T08:25:01.979Z,38.145,-118.1032,6.8,3.9,ml,32,43.25,0.043,0.1493,nn,nn00791462,2020-12-13T08:27:13.925Z,"27 km S of Mina, Nevada",earthquake,,1.1,0.23,15,reviewed,nn,nn
2020-12-12T07:59:14.270Z,19.1908,-66.5556,24,3.34,md,14,279,0.8671,0.18,pr,pr2020347003,2020-12-12T16:01:53.501Z,"80 km N of Tierras Nuevas Poniente, Puerto Rico",earthquake,0.84,14.32,0.06,9,reviewed,pr,pr
2020-12-12T07:52:59.110Z,38.1604,-118.0928,5,3.7,ml,28,77.16,0.032,0.1569,nn,nn00791440,2020-12-13T07:55:13.245Z,"25 km S of Mina, Nevada",earthquake,,1.1,0.29,10,reviewed,nn,nn
2020-12-12T07:50:52.930Z,38.1497,-118.1008,6.4,4.9,ml,30,43.01,0.04,0.1745,nn,nn00791435,2020-12-15T16:32:45.395Z,"26 km S of Mina, Nevada",earthquake,,1.1,0.2,13,reviewed,nn,nn
2020-12-12T07:18:55.906Z,40.122,141.9505,59.58,5.5,mww,,70,0.949,0.77,us,us7000cqhy,2020-12-14T14:07:26.520Z,"52 km N of Miyako, Japan",earthquake,5.9,6.2,0.073,18,reviewed,us,us
2020-12-12T07:13:10.574Z,-32.2775,-71.8081,22.45,4.5,mwr,,75,0.744,0.86,us,us7000cqhr,2020-12-12T13:42:27.807Z,"57 km WNW of La Ligua, Chile",earthquake,3.4,5,0.041,57,reviewed,us,us
2020-12-12T07:11:24.979Z,43.8519,87.3321,27.22,4.7,mb,,82,4.614,0.58,us,us7000cqhs,2020-12-12T07:38:13.040Z,"17 km S of Changji, China",earthquake,7.8,5.7,0.12,21,reviewed,us,us
2020-12-12T06:04:36.034Z,54.3305,-159.4376,18.4,3.7,mb,,191,0.509,0.85,us,us7000cqhk,2020-12-12T08:24:14.598Z,"131 km SSE of Sand Point, Alaska",earthquake,7.3,11.2,0.135,14,reviewed,us,us
2020-12-12T04:42:58.734Z,-20.7687,-70.986,35,4.5,mb,,176,0.78,0.37,us,us7000cqh5,2020-12-12T14:25:18.451Z,"106 km SW of Iquique, Chile",earthquake,3.2,2,0.242,6,reviewed,us,us
2020-12-12T04:25:33.682Z,44.4724,-115.1757,10,2.5,ml,,77,0.302,0.52,us,us7000cqh1,2020-12-12T15:10:45.130Z,"34 km NW of Stanley, Idaho",earthquake,2.1,2,0.071,26,reviewed,us,us
2020-12-12T04:06:43.693Z,38.1633,-118.0894,3.9,2.6,ml,27,76.9,0.03,0.132,nn,nn00791411,2020-12-14T16:44:03.544Z,"25 km S of Mina, Nevada",earthquake,,1,0.24,12,reviewed,nn,nn
2020-12-12T03:52:31.018Z,31.6379,-104.3142,5,2.6,mb_lg,,60,0.136,0.32,us,us7000cr0s,2020-12-15T23:31:44.040Z,"59 km S of Whites City, New Mexico",earthquake,1.1,1.5,0.109,41,reviewed,us,us
2020-12-12T03:50:10.526Z,31.6538,-104.2928,5,2.8,ml,,65,0.178,0.27,us,us7000cqgx,2020-12-12T03:59:34.040Z,"58 km S of Whites City, New Mexico",earthquake,1.4,1.4,0.077,68,reviewed,us,us
2020-12-12T03:11:37.470Z,18.5488,-67.3855,18,2.5,md,11,262,0.1892,0.18,pr,pr2020347000,2020-12-12T05:04:38.483Z,"27 km NNW of Rincón, Puerto Rico",earthquake,0.98,0.94,0.2,6,reviewed,pr,pr
2020-12-12T02:24:10.558Z,5.8213,-77.8505,10,4.9,mww,,109,2.337,1.34,us,us7000cqgq,2020-12-13T06:13:19.040Z,"65 km W of Nuquí, Colombia",earthquake,6.8,1.9,0.086,13,reviewed,us,us
2020-12-12T01:07:29.475Z,7.8971,-72.6649,190.36,4.5,mb,,41,2.034,1.01,us,us7000cqgi,2020-12-12T01:25:01.040Z,"4 km WNW of San Cayetano, Colombia",earthquake,8.4,7.7,0.028,368,reviewed,us,us
2020-12-11T22:11:38.392Z,-19.2787,-70.2189,51.3,4.5,mwr,,126,0.715,1.4,us,us7000cqet,2020-12-14T01:51:20.338Z,"89 km S of Arica, Chile",earthquake,5.9,5.9,0.047,44,reviewed,us,us
2020-12-11T21:09:59.040Z,19.2151,-66.5923,26,3.19,md,10,280,0.8834,0.24,pr,pr2020346017,2020-12-11T21:40:11.407Z,"83 km N of Arecibo, Puerto Rico",earthquake,1.19,15.6,0.05,7,reviewed,pr,pr
2020-12-11T20:50:28.440Z,19.1461,-66.6221,19,3.21,md,10,288,0.8103,0.32,pr,pr2020346018,2020-12-11T21:40:23.927Z,"75 km N of Arecibo, Puerto Rico",earthquake,5.67,11.25,0.11,7,reviewed,pr,pr
2020-12-11T20:47:53.874Z,27.4458,54.0772,10,4.7,mb,,47,3.138,0.72,us,us7000cqdz,2020-12-11T22:57:54.040Z,"25 km SSW of Gerāsh, Iran",earthquake,6.6,1.8,0.048,142,reviewed,us,us
2020-12-11T19:40:31.045Z,44.5836,-115.2262,10.01,3.6,ml,,30,0.417,0.6,us,us7000cqdb,2020-12-14T13:53:25.196Z,"46 km NNW of Stanley, Idaho",earthquake,1,10.4,0.031,136,reviewed,us,us
2020-12-11T18:36:43.906Z,38.1859,-117.7587,10.6,2.7,ml,27,69.87,0.043,0.1223,nn,nn00791335,2020-12-12T02:31:06.017Z,"38 km SE of Mina, Nevada",earthquake,,0.7,0.27,12,reviewed,nn,nn
2020-12-11T18:35:46.511Z,69.4761,-143.9568,14.5,3.1,ml,,,,0.46,ak,ak020fwivh7c,2020-12-12T02:38:12.700Z,"74 km S of Kaktovik, Alaska",earthquake,,1.5,,,reviewed,ak,ak
2020-12-11T18:11:03.500Z,17.9453,-66.9213,13,2.87,md,17,210,0.1253,0.23,pr,pr2020346015,2020-12-11T18:34:46.894Z,"3 km SSW of Guánica, Puerto Rico",earthquake,0.74,0.41,0.35,12,reviewed,pr,pr
2020-12-11T17:45:13.812Z,61.4407,-150.0239,9.6,2.6,ml,,,,0.98,ak,ak020fwic4io,2020-12-11T19:15:33.040Z,"9 km NNW of Point MacKenzie, Alaska",earthquake,,0.3,,,automatic,ak,ak
2020-12-11T17:23:11.685Z,54.6732,-159.606,27.45,4.4,mb,,142,0.158,0.82,us,us7000cqbz,2020-12-12T01:25:46.074Z,"93 km SE of Sand Point, Alaska",earthquake,5.5,5.4,0.073,59,reviewed,us,us
2020-12-11T17:18:19.252Z,17.9189,-67.0313,26.23,3.1,ml,,195,0.051,0.34,us,us7000cqbt,2020-12-11T17:50:09.040Z,"6 km SSE of La Parguera, Puerto Rico",earthquake,9.2,13.5,0.06,37,reviewed,us,us
2020-12-11T16:52:52.930Z,44.3188333,-115.1735,5.91,2.63,ml,11,86,0.183,0.23,mb,mb80479229,2020-12-12T15:46:57.530Z,"21 km WNW of Stanley, Idaho",earthquake,1.22,1.89,0.166,12,reviewed,mb,mb
2020-12-11T15:30:02.034Z,-32.9872,-179.0994,61.16,4.9,mb,,128,3.863,1,us,us7000cqa8,2020-12-11T15:51:04.040Z,"south of the Kermadec Islands",earthquake,8.6,5.4,0.08,49,reviewed,us,us
2020-12-11T15:29:05.890Z,44.3478333,-115.1643333,9.6,2.65,ml,9,87,0.197,0.17,mb,mb80479224,2020-12-11T19:02:00.180Z,"23 km NW of Stanley, Idaho",earthquake,0.84,1.2,0.12,11,reviewed,mb,mb
2020-12-11T14:25:56.615Z,-17.7839,-178.0201,503.76,4.6,mb,,115,3.742,0.57,us,us7000cq9h,2020-12-12T14:55:24.040Z,"283 km E of Levuka, Fiji",earthquake,12.5,7,0.117,22,reviewed,us,us
2020-12-11T12:58:06.602Z,23.9062,125.3741,27.54,4.8,mb,,117,2.228,0.8,us,us7000cq92,2020-12-11T13:27:52.040Z,"99 km S of Hirara, Japan",earthquake,4.7,5.4,0.114,24,reviewed,us,us
2020-12-11T12:52:53.597Z,-18.8002,-177.7029,549.76,4.6,mb,,121,4.167,0.56,us,us7000cq91,2020-12-11T13:14:00.040Z,"Fiji region",earthquake,8.4,9,0.032,282,reviewed,us,us
2020-12-11T11:22:41.744Z,61.4321,-149.8952,25.7,3.3,ml,,,,0.71,ak,ak020fwemnfi,2020-12-13T01:44:09.798Z,"Southern Alaska",earthquake,,0.5,,,reviewed,ak,ak
2020-12-11T11:09:56.308Z,-23.1509,-66.9125,221.27,4.5,mb,,44,1.183,0.9,us,us7000cq8p,2020-12-11T11:35:03.040Z,"126 km W of El Aguilar, Argentina",earthquake,8.4,6.7,0.056,95,reviewed,us,us
2020-12-11T10:34:50.480Z,17.9623,-66.8416,15,2.53,md,9,203,0.2027,0.14,pr,pr2020346013,2020-12-11T10:49:17.764Z,"4 km SW of Indios, Puerto Rico",earthquake,0.75,0.61,0.06,4,reviewed,pr,pr
2020-12-11T10:25:30.867Z,52.9817,-168.4249,45.82,4.1,mb,,170,0.26,0.65,us,us7000cq7f,2020-12-11T19:54:42.215Z,"29 km E of Nikolski, Alaska",earthquake,7.8,5.4,0.07,56,reviewed,us,us
2020-12-11T09:48:40.876Z,24.2265,125.291,23.18,5.1,mww,,93,2.093,0.82,us,us7000cq77,2020-12-11T17:45:51.040Z,"southwestern Ryukyu Islands, Japan",earthquake,7.9,5.8,0.073,18,reviewed,us,us
2020-12-11T08:38:24.027Z,1.6214,126.485,10,4.5,mb,,102,1.22,0.56,us,us7000cq6w,2020-12-11T13:39:08.040Z,"135 km NW of Ternate, Indonesia",earthquake,6,1.7,0.112,23,reviewed,us,us
2020-12-11T07:33:52.010Z,58.8499,-138.1963,4.4,2.6,ml,,,,1.19,ak,ak020fwcbayh,2020-12-11T08:07:39.040Z,"116 km SE of Yakutat, Alaska",earthquake,,0.5,,,automatic,ak,ak
2020-12-11T07:24:34.370Z,39.3714981,-123.2593307,4.5,3.36,ml,26,60,0.08211,0.05,nc,nc73496370,2020-12-15T15:10:58.961Z,"9km ESE of Willits, CA",earthquake,0.23,0.86,0.379,5,automatic,nc,nc
2020-12-11T06:22:41.677Z,-24.1462,-67.201,191.64,4.4,mb,,55,1.489,0.87,us,us7000cq54,2020-12-11T06:41:00.040Z,"89 km W of San Antonio de los Cobres, Argentina",earthquake,7.9,9.1,0.18,10,reviewed,us,us
2020-12-11T04:10:14.666Z,13.8882,120.6677,160.69,4.5,mb,,142,9.472,0.47,us,us7000cq3z,2020-12-11T04:27:08.040Z,"2 km SE of Biga, Philippines",earthquake,14.3,9.3,0.078,48,reviewed,us,us
2020-12-11T03:09:03.181Z,38.1283,-118.0732,3.7,2.8,ml,30,46.94,0.036,0.144,nn,nn00791186,2020-12-12T02:30:41.639Z,"29 km S of Mina, Nevada",earthquake,,1.1,0.32,15,reviewed,nn,nn
2020-12-11T02:52:20.967Z,-37.7082,176.4289,230.4,4.2,mb,,161,0.735,0.57,us,us7000cq3e,2020-12-11T04:02:43.040Z,"6 km NNW of Maketu, New Zealand",earthquake,7.7,9.5,0.264,4,reviewed,us,us
2020-12-11T02:36:41.570Z,40.3838348,-124.9309998,-0.32,2.66,md,14,249,0.5241,0.15,nc,nc73496250,2020-12-11T05:06:06.904Z,"55km W of Petrolia, CA",earthquake,2.8,7.2,0.14,5,automatic,nc,nc
2020-12-11T02:25:51.290Z,19.1381,-67.1696,25,3.22,md,15,287,0.8147,0.16,pr,pr2020346005,2020-12-11T03:55:27.261Z,"71 km N of San Antonio, Puerto Rico",earthquake,0.82,11.44,0.18,11,reviewed,pr,pr
2020-12-11T02:01:36.707Z,17.941,-66.8978,10,2.6,ml,,197,0.11,0.51,us,us7000cq2n,2020-12-11T02:42:09.906Z,"3 km SSE of Guánica, Puerto Rico",earthquake,3,1.8,0.063,33,reviewed,us,us
2020-12-11T01:31:19.072Z,-6.9969,155.688,67.18,4.9,mb,,90,4.864,0.84,us,us7000cq04,2020-12-11T01:51:20.040Z,"78 km SSE of Panguna, Papua New Guinea",earthquake,10.8,8.1,0.084,44,reviewed,us,us
2020-12-11T00:57:47.530Z,17.9053,-66.9113,12,2.74,md,17,225,0.1476,0.1,pr,pr2020346006,2020-12-11T04:13:22.444Z,"7 km S of Guánica, Puerto Rico",earthquake,0.62,0.52,0.23,9,reviewed,pr,pr
2020-12-11T00:50:44.391Z,38.1643,-118.0712,7.7,2.7,ml,30,68.72,0.016,0.1034,nn,nn00791153,2020-12-12T04:31:52.040Z,"25 km S of Mina, Nevada",earthquake,,0.6,0.22,14,reviewed,nn,nn
2020-12-10T22:35:55.222Z,61.9837,-151.7842,92.6,3.2,ml,,,,0.63,ak,ak020fuxpvzi,2020-12-10T22:49:58.040Z,"20 km W of Skwentna, Alaska",earthquake,,0.4,,,automatic,ak,ak
2020-12-10T22:23:56.159Z,38.1708,-118.0825,4.1,2.6,ml,29,76.26,0.026,0.1225,nn,nn00791125,2020-12-12T05:00:51.040Z,"24 km S of Mina, Nevada",earthquake,,0.9,0.22,14,reviewed,nn,nn
2020-12-10T22:15:03.234Z,51.4354,-176.5484,35,3.6,mb,,207,0.434,0.8,us,us7000cpye,2020-12-12T22:44:53.040Z,"49 km S of Adak, Alaska",earthquake,5.9,2,0.056,80,reviewed,us,us
2020-12-10T21:19:57.262Z,56.2347,-149.225,10,3,ml,,205,2.404,0.61,us,us7000cpxg,2020-12-12T04:28:20.363Z,"241 km SE of Chiniak, Alaska",earthquake,7.4,2,0.053,46,reviewed,us,us
2020-12-10T20:48:56.981Z,-17.5521,-174.8516,10,5.9,mb,,37,4.505,1.03,us,us7000cpx6,2020-12-11T20:53:04.348Z,"152 km NW of Neiafu, Tonga",earthquake,8.5,1.5,0.028,481,reviewed,us,us
2020-12-10T20:42:08.151Z,-32.9725,-179.827,97.79,5.9,mww,,40,4.056,1.09,us,us7000cpws,2020-12-14T17:44:33.040Z,"south of the Kermadec Islands",earthquake,8.5,3.8,0.044,50,reviewed,us,us
2020-12-10T20:17:12.510Z,19.4826666666667,-155.662,0.38,2.55,ml,47,78,,0.13,hv,hv72274467,2020-12-10T23:28:12.040Z,"21 km E of Honaunau-Napoopoo, Hawaii",earthquake,0.25,0.87,0.136671120240788,21,reviewed,hv,hv
2020-12-10T20:07:36.590Z,17.9318,-66.8943,6,2.56,md,18,198,0.1546,0.15,pr,pr2020345014,2020-12-10T20:51:53.264Z,"4 km SSE of Guánica, Puerto Rico",earthquake,0.54,0.32,0.23,11,reviewed,pr,pr
2020-12-10T19:49:09.480Z,40.368,-124.5865,22.61,2.59,md,29,231,0.2184,0.14,nc,nc73496145,2020-12-11T02:32:03.258Z,"26km W of Petrolia, CA",earthquake,0.89,0.56,0.221,23,reviewed,nc,nc
2020-12-10T18:42:04.972Z,69.4868,-144.0177,4.6,3.1,ml,,,,0.66,ak,ak020fuvdjjz,2020-12-10T23:17:54.040Z,"73 km SSW of Kaktovik, Alaska",earthquake,,1.6,,,reviewed,ak,ak
2020-12-10T18:40:26.816Z,5.6867,124.099,504.82,4.3,mb,,89,2.012,0.61,us,us7000cpui,2020-12-10T23:23:52.040Z,"55 km SSW of Malisbeng, Philippines",earthquake,7.1,11.5,0.099,29,reviewed,us,us
2020-12-10T18:15:08.578Z,24.5399,122.0186,64.63,4.9,mww,,32,0.531,0.82,us,us7000cpua,2020-12-11T14:00:11.431Z,"36 km SE of Yilan, Taiwan",earthquake,5.2,5.4,0.098,10,reviewed,us,us
2020-12-10T17:42:39.263Z,54.5387,-159.8831,17.54,4.1,mb,,206,0.339,0.92,us,us7000cpu3,2020-12-10T23:01:18.791Z,"97 km SSE of Sand Point, Alaska",earthquake,8.4,7.8,0.197,7,reviewed,us,us
2020-12-10T16:56:51.463Z,26.1587,90.557,35.34,4.3,mb,,90,1.31,0.76,us,us7000cptt,2020-12-11T04:37:10.104Z,"7 km WSW of Goālpāra, India",earthquake,6,8.2,0.109,29,reviewed,us,us
2020-12-10T16:33:08.996Z,37.1284,71.6137,114.48,4.2,mb,,94,3.32,0.87,us,us7000cptk,2020-12-10T22:00:03.040Z,"40 km S of Khorugh, Tajikistan",earthquake,8.1,8.7,0.096,32,reviewed,us,us
2020-12-10T16:28:01.460Z,38.1826,-117.7888,10.5,3,ml,28,66.68,0.056,0.1437,nn,nn00791087,2020-12-11T02:30:53.217Z,"36 km SE of Mina, Nevada",earthquake,,0.7,0.28,12,reviewed,nn,nn
2020-12-10T16:17:40.553Z,53.3699,-165.7816,36.37,3.5,ml,,195,0.731,0.78,us,us7000cpy4,2020-12-11T17:17:07.733Z,"75 km SE of Unalaska, Alaska",earthquake,4.2,56.5,0.091,16,reviewed,us,us
2020-12-10T15:04:50.044Z,1.5914,126.2515,27.07,5,mww,,22,1.38,0.93,us,us7000cpsx,2020-12-12T14:57:42.040Z,"142 km E of Laikit, Laikit II (Dimembe), Indonesia",earthquake,5.7,3.8,0.098,10,reviewed,us,us
2020-12-10T14:36:18.190Z,17.9516,-66.9786,9,3.55,ml,20,211,0.068,0.07,pr,pr2020345011,2020-12-11T14:38:36.267Z,"7 km ESE of La Parguera, Puerto Rico",earthquake,0.41,0.63,0.24,15,reviewed,pr,pr
2020-12-10T14:20:01.868Z,52.4196,106.4245,10,4.7,mb,,107,1.869,0.95,us,us7000cprr,2020-12-11T01:36:36.423Z,"38 km NNE of Istok, Russia",earthquake,8.4,1.5,0.093,35,reviewed,us,us
2020-12-10T14:07:18.079Z,2.2009,126.1873,85.66,4.6,mb,,107,1.845,1.12,us,us7000cprp,2020-12-10T14:50:56.040Z,"156 km ENE of Laikit, Laikit II (Dimembe), Indonesia",earthquake,8.1,9.2,0.141,16,reviewed,us,us
2020-12-10T13:55:39.703Z,61.7859,-150.6942,57,2.6,ml,,,,0.56,ak,ak020fush8o5,2020-12-10T15:25:20.040Z,"28 km NNW of Susitna, Alaska",earthquake,,0.6,,,automatic,ak,ak
2020-12-10T13:36:17.270Z,37.7062,-97.2383,5,2.7,mb_lg,,77,0.662,0.25,us,us7000cprd,2020-12-13T18:44:14.706Z,"3 km NE of Eastborough, Kansas",earthquake,1.6,1.9,0.17,9,reviewed,us,us
2020-12-10T13:19:58.910Z,24.7632,122.0098,73.17,6.1,mww,,18,0.51,0.74,us,us7000cpqz,2020-12-15T19:29:21.714Z,"25 km E of Yilan, Taiwan",earthquake,4.9,3.2,0.061,26,reviewed,us,us
2020-12-10T13:07:00.590Z,17.9853,-67.1016,4,2.62,md,9,234,0.0226,0.1,pr,pr2020345010,2020-12-10T15:07:21.235Z,"5 km W of La Parguera, Puerto Rico",earthquake,0.45,0.24,0.51,4,reviewed,pr,pr
2020-12-10T13:05:24.806Z,-20.6072,-69.2357,115.15,4.5,mwr,,63,0.47,1.11,us,us7000cpqw,2020-12-10T23:19:02.881Z,"104 km ESE of Iquique, Chile",earthquake,6.1,5.8,,,reviewed,us,guc
2020-12-10T12:51:34.436Z,51.0002,-179.3629,10,4.5,mb,,192,0.891,0.91,us,us7000cpqq,2020-12-10T21:21:15.365Z,"213 km WSW of Adak, Alaska",earthquake,10.4,2,0.057,90,reviewed,us,us
2020-12-10T11:57:59.567Z,53.8275,-163.9419,25.7,3.6,ml,,,,0.69,ak,ak020furauca,2020-12-10T21:14:34.510Z,"119 km SSW of False Pass, Alaska",earthquake,,2.7,,,reviewed,ak,ak
2020-12-10T11:41:21.629Z,-22.1431,-179.464,578.69,5.4,mww,,41,4.959,0.89,us,us7000cpqh,2020-12-11T11:44:13.250Z,"south of the Fiji Islands",earthquake,10.5,8.5,0.098,10,reviewed,us,us
2020-12-10T11:12:59.620Z,17.9343,-66.8778,9,2.61,md,10,216,0.1701,0.11,pr,pr2020345009,2020-12-10T11:33:44.788Z,"5 km SSE of Maria Antonia, Puerto Rico",earthquake,0.47,0.95,0.05,5,reviewed,pr,pr
2020-12-10T10:36:31.590Z,32.275,-115.0981667,19.88,2.8,ml,33,70,0.03356,0.24,ci,ci39489951,2020-12-12T14:09:37.040Z,"2km SSE of Guadalupe Victoria, B.C., MX",earthquake,0.32,0.5,0.314,14,reviewed,ci,ci
2020-12-10T10:07:39.810Z,41.9746666,-122.2568359,7.52,2.63,md,13,195,0.1887,0.08,nc,nc73496000,2020-12-14T14:00:21.040Z,"26km ENE of Hornbrook, CA",earthquake,0.71,3.65,0.09,14,automatic,nc,nc
2020-12-10T09:42:20.410Z,17.953,-66.8411,10,2.62,md,7,207,0.2038,0.1,pr,pr2020345008,2020-12-10T09:54:14.988Z,"5 km SSW of Indios, Puerto Rico",earthquake,0.65,0.95,0.12,6,reviewed,pr,pr
2020-12-10T09:23:11.230Z,17.9381,-66.8443,14,2.57,md,10,215,0.2024,0.19,pr,pr2020345007,2020-12-10T09:35:08.974Z,"6 km SE of Maria Antonia, Puerto Rico",earthquake,0.81,0.79,0.21,5,reviewed,pr,pr
2020-12-10T09:07:38.320Z,17.8271,-66.8775,12,2.8,md,12,230,0.2192,0.11,pr,pr2020345006,2020-12-10T09:28:50.599Z,"16 km SSE of Guánica, Puerto Rico",earthquake,0.64,0.62,0.28,5,reviewed,pr,pr
2020-12-10T08:34:29.816Z,37.7082,-97.232,3.87,2.7,mb_lg,,98,0.644,0.34,us,us7000cpph,2020-12-13T18:43:58.557Z,"3 km NE of Eastborough, Kansas",earthquake,1.7,3.7,0.104,24,reviewed,us,us
2020-12-10T08:01:01.176Z,62.7873,-148.7618,72.2,3.3,ml,,,,0.72,ak,ak020fup6f21,2020-12-11T19:24:16.039Z,"68 km S of Cantwell, Alaska",earthquake,,0.2,,,reviewed,ak,ak
2020-12-10T06:14:06.423Z,-19.2872,-175.2836,226.51,4.3,mb,,110,5.066,0.41,us,us7000cpp6,2020-12-10T06:34:36.040Z,"113 km WNW of Pangai, Tonga",earthquake,13.6,14.3,0.122,19,reviewed,us,us
2020-12-10T05:44:36.762Z,54.4067,-159.5847,19.51,3.6,mb,,208,0.425,0.84,us,us7000cpp4,2020-12-10T06:26:17.040Z,"118 km SSE of Sand Point, Alaska",earthquake,5.4,9,0.15,11,reviewed,us,us
2020-12-10T05:29:38.537Z,23.4084,121.5607,34.78,4.9,mb,,75,0.242,0.54,us,us7000cpny,2020-12-11T16:33:16.001Z,"63 km S of Hualien City, Taiwan",earthquake,4,1.1,0.064,76,reviewed,us,us
2020-12-10T05:20:55.910Z,17.965,-66.9835,9,2.51,md,17,188,0.0609,0.16,pr,pr2020345005,2020-12-10T05:44:36.169Z,"6 km E of La Parguera, Puerto Rico",earthquake,0.48,0.46,0.21,9,reviewed,pr,pr
2020-12-10T04:25:26.711Z,15.416,-93.0905,91.47,4.3,mb,,127,1.258,0.5,us,us7000cpnh,2020-12-11T05:30:47.931Z,"8 km ESE of La Esperanza, Mexico",earthquake,8.7,7.8,0.042,164,reviewed,us,us
2020-12-10T03:15:40.690Z,19.1786,-67.2381,5,3.34,md,17,248,0.7223,0.41,pr,pr2020345003,2020-12-10T03:52:26.906Z,"77 km N of San Antonio, Puerto Rico",earthquake,2.53,2.44,0.08,8,reviewed,pr,pr
2020-12-10T03:03:15.591Z,55.809,-162.009,138.12,4,mb,,108,0.984,0.84,us,us7000cpn0,2020-12-11T05:05:01.040Z,"54 km WSW of Nelson Lagoon, Alaska",earthquake,8.5,9.6,0.119,19,reviewed,us,us
2020-12-10T01:37:27.062Z,54.5735,-159.6334,27.37,4.9,mww,,66,0.259,0.89,us,us7000cpmi,2020-12-11T04:47:46.257Z,"101 km SSE of Sand Point, Alaska",earthquake,5.5,4.3,0.053,34,reviewed,us,us
2020-12-10T01:01:39.100Z,36.53133333,-98.98683333,7.57,2.63,ml,72,53,0,0.15,ok,ok2020yepc,2020-12-11T04:18:26.040Z,"10 km NNE of Quinlan, Oklahoma",earthquake,,0.2,0.22,33,reviewed,ok,ok
2020-12-10T00:53:25.719Z,36.52983333,-98.98816667,7.88,3.02,ml,73,53,0,0.13,ok,ok2020yeov,2020-12-10T13:43:53.953Z,"9 km NNE of Quinlan, Oklahoma",earthquake,,0.2,0.25,33,reviewed,ok,ok
2020-12-10T00:46:35.898Z,-28.288,-71.3897,29.22,4.5,mb,,141,0.29,0.85,us,us7000cplf,2020-12-10T03:57:06.340Z,"69 km WNW of Vallenar, Chile",earthquake,3.1,5.6,0.163,11,reviewed,us,us
2020-12-10T00:15:44.000Z,17.8528,-66.8743,15,2.69,md,14,252,0.2061,0.15,pr,pr2020345000,2020-12-10T00:36:11.538Z,"13 km SSE of Guánica, Puerto Rico",earthquake,0.64,0.62,0.24,13,reviewed,pr,pr
2020-12-09T23:10:26.150Z,17.9313,-66.918,5,2.72,md,15,210,0.1319,0.16,pr,pr2020344013,2020-12-09T23:32:29.399Z,"4 km SSW of Guánica, Puerto Rico",earthquake,0.52,0.43,0.44,10,reviewed,pr,pr
2020-12-09T23:02:38.791Z,-56.4772,-25.2956,10,5.1,mb,,69,17.928,0.63,us,us7000cpl2,2020-12-09T23:20:24.040Z,"South Sandwich Islands region",earthquake,6.9,1.9,0.079,51,reviewed,us,us
2020-12-09T21:44:33.099Z,52.4251,106.6975,10,5.5,mww,,46,2.027,0.73,us,us7000cpkf,2020-12-14T17:40:17.040Z,"42 km N of Kabansk, Russia",earthquake,6.9,1.8,0.06,27,reviewed,us,us
2020-12-09T20:29:13.505Z,50.5995,-177.5917,10,3.9,mb,,235,1.183,0.96,us,us7000cpkw,2020-12-12T20:24:20.968Z,"156 km SSW of Adak, Alaska",earthquake,6.5,2,0.103,27,reviewed,us,us
2020-12-09T19:22:16.438Z,36.5246,36.121,10,3.4,ml,,135,1.086,0.46,us,us7000cpl4,2020-12-09T23:29:54.040Z,"5 km W of Çırtıman, Turkey",earthquake,5.2,2,0.085,18,reviewed,us,us
2020-12-09T16:37:34.279Z,49.4621,156.0922,51.02,4.4,mb,,106,3.787,0.67,us,us7000cpgm,2020-12-10T03:41:51.040Z,"134 km S of Severo-Kuril’sk, Russia",earthquake,9.2,7.6,0.084,41,reviewed,us,us
2020-12-09T16:28:18.138Z,54.9387,-159.7696,29.46,2.7,ml,,180,0.149,0.39,us,us7000cpk6,2020-12-10T03:34:45.040Z,"64 km SE of Sand Point, Alaska",earthquake,6.2,14.4,0.148,6,reviewed,us,us
2020-12-09T15:47:39.380Z,17.9683,-66.9906,9,2.63,md,11,194,0.0536,0.08,pr,pr2020344010,2020-12-09T16:01:18.715Z,"5 km E of La Parguera, Puerto Rico",earthquake,0.39,0.66,0.23,4,reviewed,pr,pr
2020-12-09T15:24:07.477Z,52.6486,-168.2269,27.57,3.8,mb,,227,0.5,0.77,us,us7000cpjz,2020-12-10T03:25:55.929Z,"53 km SE of Nikolski, Alaska",earthquake,7.2,10.1,0.073,48,reviewed,us,us
2020-12-09T15:10:06.350Z,17.8623,-66.9031,15,2.73,md,8,245,0.1772,0.1,pr,pr2020344009,2020-12-09T15:31:54.965Z,"12 km S of Guánica, Puerto Rico",earthquake,0.68,0.93,0.21,3,reviewed,pr,pr
2020-12-09T14:59:20.106Z,37.7065,-97.2478,5,2.5,mb_lg,,127,0.655,0.35,us,us7000cpg2,2020-12-11T23:33:10.204Z,"2 km NE of Eastborough, Kansas",earthquake,2.2,1.9,0.193,8,reviewed,us,us
2020-12-09T14:32:24.820Z,18.0193,-66.2308,15,2.54,md,9,156,0.1208,0.26,pr,pr2020344008,2020-12-09T14:58:43.560Z,"3 km ENE of Coco, Puerto Rico",earthquake,0.88,1.37,0.2,6,reviewed,pr,pr
2020-12-09T13:27:57.020Z,17.7728,-66.9213,11,2.66,md,8,275,0.2319,0.19,pr,pr2020344007,2020-12-09T13:55:10.445Z,"22 km S of Guánica, Puerto Rico",earthquake,0.99,1.37,0.02,4,reviewed,pr,pr
2020-12-09T13:08:50.171Z,55.9307,160.1337,226.71,4.3,mb,,104,3.039,0.5,us,us7000cpfn,2020-12-09T13:31:20.040Z,"20 km SE of Kozyrëvsk, Russia",earthquake,9.5,10.5,0.044,144,reviewed,us,us
2020-12-09T12:31:16.046Z,45.0951,-67.1595,7.72,3,ml,,110,0.226,0.2,us,us7000cpfi,2020-12-14T03:10:14.765Z,"4 km WNW of Robbinston, Maine",earthquake,1.4,7.9,0.064,32,reviewed,us,us
2020-12-09T11:40:48.091Z,61.3998,-150.1013,24.4,2.7,ml,,,,0.77,ak,ak020ft3ntsx,2020-12-09T21:20:06.624Z,"Southern Alaska",earthquake,,0.4,,,reviewed,ak,ak
2020-12-09T10:55:51.770Z,18.0073,-66.7648,13,2.71,md,7,194,0.1975,0.27,pr,pr2020344006,2020-12-09T11:19:31.330Z,"1 km SSE of Magas Arriba, Puerto Rico",earthquake,1.32,0.88,0.15,3,reviewed,pr,pr
2020-12-09T10:50:37.510Z,18.9575,-66.309,24,2.96,md,7,292,0.7557,0.1,pr,pr2020344005,2020-12-09T11:16:35.434Z,"54 km N of Brenas, Puerto Rico",earthquake,0.87,9.03,0.1,3,reviewed,pr,pr
2020-12-09T10:46:46.961Z,-24.1928,-68.3107,147.29,4.4,mb,,58,1.241,0.81,us,us7000cpf5,2020-12-09T11:30:51.040Z,"142 km S of San Pedro de Atacama, Chile",earthquake,4.2,7.8,0.149,13,reviewed,us,us
2020-12-09T10:22:19.600Z,31.4685,-115.698,17.42,2.89,ml,10,115,0.1064,0.18,ci,ci39489127,2020-12-09T17:30:26.171Z,"87km ESE of Maneadero, B.C., MX",earthquake,0.97,1.11,0.124,49,reviewed,ci,ci
2020-12-09T10:20:52.408Z,-21.149,-68.8475,117.81,4.6,mb,,46,0.606,0.91,us,us7000cpez,2020-12-09T16:45:19.666Z,"145 km N of Calama, Chile",earthquake,5.6,5.4,0.129,18,reviewed,us,us
2020-12-09T10:14:47.150Z,39.0263329,-123.0643311,4.87,2.74,md,28,70,0.1317,0.11,nc,nc73495525,2020-12-15T00:44:11.622Z,"13km W of Lakeport, CA",earthquake,0.31,1.32,0.18,27,automatic,nc,nc
2020-12-09T07:40:25.429Z,41.5226,142.1379,61.25,4.3,mb,,131,0.907,0.65,us,us7000cpel,2020-12-09T09:05:18.040Z,"81 km ENE of Mutsu, Japan",earthquake,6.9,8,0.09,37,reviewed,us,us
2020-12-09T07:03:59.695Z,24.8789,-108.8773,10,4.4,mb,,159,3.545,0.74,us,us7000cpec,2020-12-09T08:10:37.040Z,"67 km SSW of El Progreso, Mexico",earthquake,8.2,1.9,0.054,100,reviewed,us,us
2020-12-09T06:47:07.697Z,53.1943,170.5646,24.83,5.3,mww,,75,2.19,0.76,us,us7000cpea,2020-12-09T20:44:03.072Z,"180 km WNW of Attu Station, Alaska",earthquake,8.7,5,0.098,10,reviewed,us,us
2020-12-09T06:36:22.973Z,-2.7458,134.8539,26.92,4.3,mb,,117,2.607,0.6,us,us7000cpe9,2020-12-09T09:46:59.040Z,"98 km NW of Nabire, Indonesia",earthquake,10.2,7.6,0.114,24,reviewed,us,us
2020-12-09T06:34:57.679Z,-62.35,-58.0929,10,4.9,mb,,92,3.607,0.57,us,us7000cpe7,2020-12-09T06:56:19.040Z,"South Shetland Islands",earthquake,8.5,1.9,0.097,34,reviewed,us,us
2020-12-09T05:59:26.932Z,45.5534,-99.7259,5,3.2,mb_lg,,35,1.223,0.55,us,us7000cpdp,2020-12-10T11:56:32.120Z,"12 km NNW of Bowdle, South Dakota",earthquake,2.9,2,0.079,43,reviewed,us,us
2020-12-09T05:50:59.783Z,12.405,144.0423,10,4.6,mb,,88,1.426,0.6,us,us7000cqzq,2020-12-15T15:00:21.040Z,"117 km SW of Merizo Village, Guam",earthquake,10.2,1.9,0.094,34,reviewed,us,us
2020-12-09T05:32:28.598Z,50.2768,-175.6351,10,3.9,mb,,207,1.72,0.47,us,us7000cpji,2020-12-14T12:42:09.040Z,"190 km SSE of Adak, Alaska",earthquake,8,2,0.073,50,reviewed,us,us
2020-12-09T04:56:40.901Z,12.0723,-88.0992,10,4.8,mb,,107,1.222,0.82,us,us7000cpci,2020-12-11T03:09:31.040Z,"102 km SW of Jiquilillo, Nicaragua",earthquake,7.1,1.9,0.036,236,reviewed,us,us
2020-12-09T04:15:41.302Z,-32.0336,-71.7168,35,4.1,mwr,,90,0.63,0.58,us,us7000cpcg,2020-12-11T03:18:17.259Z,"Near the coast of Valparaiso, Chile",earthquake,3.2,1.7,0.038,65,reviewed,us,us
2020-12-09T04:07:47.101Z,-24.0809,-67.2144,236.1,4.7,mb,,116,1.43,0.68,us,us7000cpcf,2020-12-11T03:37:21.040Z,"92 km W of San Antonio de los Cobres, Argentina",earthquake,10.5,6.1,0.184,9,reviewed,us,us
2020-12-09T03:20:08.155Z,54.1316,-165.9785,15.02,2.9,ml,,54,0.032,0.28,us,us7000cpkr,2020-12-11T02:27:51.040Z,"13 km W of Akutan, Alaska",earthquake,1.4,1.6,0.115,10,reviewed,us,us
2020-12-09T03:06:48.360Z,19.1951,-67.7196,7,3.07,md,18,257,0.8456,0.48,pr,pr2020344002,2020-12-11T03:50:44.040Z,"99 km NE of Punta Cana, Dominican Republic",earthquake,4.33,3.73,0.02,5,reviewed,pr,pr
2020-12-09T03:01:22.590Z,19.1415,-67.7608,13,3.24,md,11,254,0.8077,0.49,pr,pr2020344001,2020-12-09T03:34:32.903Z,"91 km NE of Punta Cana, Dominican Republic",earthquake,4.49,5.91,0.14,9,reviewed,pr,pr
2020-12-09T01:53:38.196Z,0.3719,126.2338,50.74,4.4,mb,,52,1.2,0.79,us,us7000cpbf,2020-12-09T02:13:48.040Z,"136 km WSW of Ternate, Indonesia",earthquake,7.5,7.8,0.118,21,reviewed,us,us
2020-12-09T01:37:05.391Z,-2.5914,-79.2911,75.22,4.7,mb,,110,0.129,0.86,us,us7000cpbd,2020-12-10T15:42:02.336Z,"19 km SSE of La Troncal, Ecuador",earthquake,10,4.5,0.052,110,reviewed,us,us
2020-12-09T01:16:30.570Z,19.2558,-67.7145,28,3.39,md,20,245,0.9026,0.51,pr,pr2020344000,2020-12-09T09:18:54.120Z,"104 km NE of Punta Cana, Dominican Republic",earthquake,2.96,32.68,0.17,13,reviewed,pr,pr
